name,io_pad_internal_power,io_pad_switching_power,io_pad_leakage_power,io_pad_total_power,memory_internal_power,memory_switching_power,memory_leakage_power,memory_total_power,black_box_internal_power,black_box_switching_power,black_box_leakage_power,black_box_total_power,clock_network_internal_power,clock_network_switching_power,clock_network_leakage_power,clock_network_total_power,register_internal_power,register_switching_power,register_leakage_power,register_total_power,sequential_internal_power,sequential_switching_power,sequential_leakage_power,sequential_total_power,combinational_internal_power,combinational_switching_power,combinational_leakage_power,combinational_total_power,dyn_power_unit,leak_power_unit,Combinational_Area,Noncombinational_Area,Buf/Inv_Area,Total_Buffer_Area,Total_Inverter_Area,Macro/Black_Box_Area,Net_Area,area_unit,critical_path_length,lvls_of_logic,critical_path_slack,critical_path_clock_latency,total_negative_slack,num_violating_paths,worst_hold_violation,total_hold_violation,num_hold_violations,latency_unit
VectorSkipAheadIntersectionUnitRegistered_vectorLength1_numTags1_tagBitWidth3,0.0,0.0,0.0,0.0,0.0,0.0,0.0,0.0,0.0,0.0,0.0,0.0,0.6329,0.0,0.0,0.6329,0.02174,0.0033959,2474.0,0.02761,0.0,0.0,0.0,0.0,0.012632,0.011702,1202.9,0.025537,1mW,1nW,289.558094,359.014492,138.443496,75.09,63.36,0.0,0.0,um2,0.68,17.0,0.22,1.0,0.0,0.0,0.0,0.0,0.0,ns
VectorSkipAheadIntersectionUnitRegistered_vectorLength1_numTags1_tagBitWidth4,0.0,0.0,0.0,0.0,0.0,0.0,0.0,0.0,0.0,0.0,0.0,0.0,0.8157,0.0,0.0,0.8157,0.024415,0.0042675,3188.7,0.031872,0.0,0.0,0.0,0.0,0.014831,0.014081,1507.4,0.03042,1mW,1nW,358.075892,462.72979,163.785696,96.21,67.58,0.0,0.0,um2,0.63,15.0,0.28,1.0,0.0,0.0,0.0,0.0,0.0,ns
VectorSkipAheadIntersectionUnitRegistered_vectorLength1_numTags1_tagBitWidth5,0.0,0.0,0.0,0.0,0.0,0.0,0.0,0.0,0.0,0.0,0.0,0.0,0.9704,0.0,0.0,0.9704,0.030111,0.0063838,3793.4,0.040288,0.0,0.0,0.0,0.0,0.01743,0.015652,1793.4,0.034875,1mW,1nW,435.041091,550.488888,198.044595,107.94,90.11,0.0,0.0,um2,0.54,13.0,0.36,1.0,0.0,0.0,0.0,0.0,0.0,ns
VectorSkipAheadIntersectionUnitRegistered_vectorLength1_numTags2_tagBitWidth3,0.0,0.0,0.0,0.0,0.0,0.0,0.0,0.0,0.0,0.0,0.0,0.0,1.0407,0.0,0.0,1.0407,0.049183,0.0074766,4068.3,0.060728,0.0,0.0,0.0,0.0,0.031245,0.02572,2111.6,0.059076,1mW,1nW,489.010592,590.379387,153.930397,35.2,118.73,0.0,0.0,um2,0.9,24.0,0.0,1.0,0.0,0.0,0.0,0.0,0.0,ns
VectorSkipAheadIntersectionUnitRegistered_vectorLength1_numTags2_tagBitWidth4,0.0,0.0,0.0,0.0,0.0,0.0,0.0,0.0,0.0,0.0,0.0,0.0,1.322,0.0,0.0,1.322,0.063241,0.010213,5167.9,0.078622,0.0,0.0,0.0,0.0,0.042125,0.033177,2668.5,0.07797,1mW,1nW,613.375091,749.941383,166.132197,28.16,137.97,0.0,0.0,um2,0.89,19.0,0.01,1.0,0.0,0.0,0.0,0.0,0.0,ns
VectorSkipAheadIntersectionUnitRegistered_vectorLength1_numTags2_tagBitWidth5,0.0,0.0,0.0,0.0,0.0,0.0,0.0,0.0,0.0,0.0,0.0,0.0,1.5752,0.0,0.0,1.5752,0.068116,0.011958,6157.5,0.086232,0.0,0.0,0.0,0.0,0.05247,0.043457,3607.7,0.099535,1mW,1nW,820.336387,893.54718,247.790395,49.28,198.51,0.0,0.0,um2,0.9,29.0,0.0,1.0,0.0,0.0,0.0,0.0,0.0,ns
VectorSkipAheadIntersectionUnitRegistered_vectorLength1_numTags4_tagBitWidth3,0.0,0.0,0.0,0.0,0.0,0.0,0.0,0.0,0.0,0.0,0.0,0.0,1.7439,0.0,0.0,1.7439,0.1038,0.016113,6817.2,0.1267,0.0,0.0,0.0,0.0,0.071264,0.058738,3784.4,0.1338,1mW,1nW,914.196385,989.284378,294.251094,75.09,219.16,0.0,0.0,um2,0.9,23.0,0.0,1.0,0.0,0.0,0.0,0.0,0.0,ns
VectorSkipAheadIntersectionUnitRegistered_vectorLength1_numTags4_tagBitWidth4,0.0,0.0,0.0,0.0,0.0,0.0,0.0,0.0,0.0,0.0,0.0,0.0,2.1659,0.0,0.0,2.1659,0.1164,0.01887,8466.5,0.1438,0.0,0.0,0.0,0.0,0.094222,0.072272,5200.0,0.1717,1mW,1nW,1193.899182,1228.627373,393.742692,100.9,292.84,0.0,0.0,um2,0.9,25.0,0.0,1.0,0.0,0.0,0.0,0.0,0.0,ns
VectorSkipAheadIntersectionUnitRegistered_vectorLength1_numTags4_tagBitWidth5,0.0,0.0,0.0,0.0,0.0,0.0,0.0,0.0,0.0,0.0,0.0,0.0,2.5878,0.0,0.0,2.5878,0.1387,0.023887,10116.0,0.1727,0.0,0.0,0.0,0.0,0.1106,0.088314,6188.3,0.2051,1mW,1nW,1482.049377,1467.970367,505.436089,126.71,378.73,0.0,0.0,um2,0.9,28.0,0.0,1.0,0.0,0.0,0.0,0.0,0.0,ns
VectorSkipAheadIntersectionUnitRegistered_vectorLength2_numTags1_tagBitWidth3,0.0,0.0,0.0,0.0,0.0,0.0,0.0,0.0,0.0,0.0,0.0,0.0,0.6329,0.0,0.0,0.6329,0.023948,0.0035203,2474.0,0.029942,0.0,0.0,0.0,0.0,0.015771,0.01326,1342.0,0.030373,1mW,1nW,322.409093,359.014492,144.544396,72.74,71.8,0.0,0.0,um2,0.7,16.0,0.2,1.0,0.0,0.0,0.0,0.0,0.0,ns
VectorSkipAheadIntersectionUnitRegistered_vectorLength2_numTags1_tagBitWidth4,0.0,0.0,0.0,0.0,0.0,0.0,0.0,0.0,0.0,0.0,0.0,0.0,0.8157,0.0,0.0,0.8157,0.024395,0.004141,3188.7,0.031725,0.0,0.0,0.0,0.0,0.018675,0.018436,1752.4,0.038864,1mW,1nW,426.124391,462.72979,200.391095,103.25,97.15,0.0,0.0,um2,0.89,23.0,0.01,1.0,0.0,0.0,0.0,0.0,0.0,ns
VectorSkipAheadIntersectionUnitRegistered_vectorLength2_numTags1_tagBitWidth5,0.0,0.0,0.0,0.0,0.0,0.0,0.0,0.0,0.0,0.0,0.0,0.0,0.9985,0.0,0.0,0.9985,0.026681,0.0050254,3903.4,0.03561,0.0,0.0,0.0,0.0,0.01822,0.018152,1906.0,0.038278,1mW,1nW,462.26049,566.445087,211.184994,112.63,98.55,0.0,0.0,um2,0.8,20.0,0.1,1.0,0.0,0.0,0.0,0.0,0.0,ns
VectorSkipAheadIntersectionUnitRegistered_vectorLength2_numTags2_tagBitWidth3,0.0,0.0,0.0,0.0,0.0,0.0,0.0,0.0,0.0,0.0,0.0,0.0,1.4345,0.0,0.0,1.4345,0.081368,0.01551,5607.7,0.1025,0.0,0.0,0.0,0.0,0.064478,0.051587,3892.7,0.12,1mW,1nW,928.275382,813.766182,278.294894,58.66,219.63,0.0,0.0,um2,0.9,23.0,0.0,1.0,0.0,0.0,0.0,0.0,0.0,ns
VectorSkipAheadIntersectionUnitRegistered_vectorLength2_numTags2_tagBitWidth4,0.0,0.0,0.0,0.0,0.0,0.0,0.0,0.0,0.0,0.0,0.0,0.0,1.8424,0.0,0.0,1.8424,0.093228,0.015833,7202.0,0.1163,0.0,0.0,0.0,0.0,0.08139,0.062183,5145.0,0.1487,1mW,1nW,1234.728278,1045.131077,410.637491,103.25,307.39,0.0,0.0,um2,0.9,32.0,0.0,1.0,0.0,0.0,0.0,0.0,0.0,ns
VectorSkipAheadIntersectionUnitRegistered_vectorLength2_numTags2_tagBitWidth5,0.0,0.0,0.0,0.0,0.0,0.0,0.0,0.0,0.0,0.0,0.0,0.0,2.1659,0.0,0.0,2.1659,0.1109,0.020117,8466.5,0.1394,0.0,0.0,0.0,0.0,0.093757,0.07172,5883.5,0.1714,1mW,1nW,1402.268372,1228.627373,467.89209,126.71,341.18,0.0,0.0,um2,0.88,18.0,0.02,1.0,0.0,0.0,0.0,0.0,0.0,ns
VectorSkipAheadIntersectionUnitRegistered_vectorLength2_numTags4_tagBitWidth3,0.0,0.0,0.0,0.0,0.0,0.0,0.0,0.0,0.0,0.0,0.0,0.0,2.4612,0.0,0.0,2.4612,0.1608,0.029685,9621.0,0.2001,0.0,0.0,0.0,0.0,0.1322,0.1066,6478.9,0.2452,1mW,1nW,1601.720873,1396.167469,502.15099,79.78,422.37,0.0,0.0,um2,0.9,28.0,0.0,1.0,0.0,0.0,0.0,0.0,0.0,ns
VectorSkipAheadIntersectionUnitRegistered_vectorLength2_numTags4_tagBitWidth4,0.0,0.0,0.0,0.0,0.0,0.0,0.0,0.0,0.0,0.0,0.0,0.0,3.2488,0.0,0.0,3.2488,0.1951,0.038972,12700.0,0.2468,0.0,0.0,0.0,0.0,0.1578,0.1197,8726.4,0.2862,1mW,1nW,2029.253163,1842.941059,675.322685,190.07,485.26,0.0,0.0,um2,0.9,24.0,0.0,1.0,0.0,0.0,0.0,0.0,0.0,ns
VectorSkipAheadIntersectionUnitRegistered_vectorLength2_numTags4_tagBitWidth5,0.0,0.0,0.0,0.0,0.0,0.0,0.0,0.0,0.0,0.0,0.0,0.0,3.8395,0.0,0.0,3.8395,0.215,0.044171,15009.0,0.2742,0.0,0.0,0.0,0.0,0.1816,0.1399,10361.0,0.3319,1mW,1nW,2401.408058,2178.021252,788.893283,201.8,587.09,0.0,0.0,um2,0.9,27.0,0.0,1.0,0.0,0.0,0.0,0.0,0.0,ns
VectorSkipAheadIntersectionUnitRegistered_vectorLength3_numTags2_tagBitWidth3,0.0,0.0,0.0,0.0,0.0,0.0,0.0,0.0,0.0,0.0,0.0,0.0,1.7439,0.0,0.0,1.7439,0.1003,0.021384,6817.2,0.1285,0.0,0.0,0.0,0.0,0.079476,0.060686,5656.0,0.1458,1mW,1nW,1307.000474,989.284378,433.633191,89.17,344.47,0.0,0.0,um2,0.9,28.0,0.0,1.0,0.0,0.0,0.0,0.0,0.0,ns
VectorSkipAheadIntersectionUnitRegistered_vectorLength3_numTags2_tagBitWidth4,0.0,0.0,0.0,0.0,0.0,0.0,0.0,0.0,0.0,0.0,0.0,0.0,2.2362,0.0,0.0,2.2362,0.1227,0.021606,8741.4,0.153,0.0,0.0,0.0,0.0,0.099735,0.079424,6939.7,0.1861,1mW,1nW,1645.365769,1268.517872,542.980089,110.29,432.69,0.0,0.0,um2,0.9,28.0,0.0,1.0,0.0,0.0,0.0,0.0,0.0,ns
VectorSkipAheadIntersectionUnitRegistered_vectorLength3_numTags2_tagBitWidth5,0.0,0.0,0.0,0.0,0.0,0.0,0.0,0.0,0.0,0.0,0.0,0.0,2.6159,0.0,0.0,2.6159,0.1297,0.027892,10226.0,0.1678,0.0,0.0,0.0,0.0,0.1207,0.093971,8030.2,0.2227,1mW,1nW,1926.945763,1483.926567,604.927688,117.32,487.6,0.0,0.0,um2,0.9,26.0,0.0,1.0,0.0,0.0,0.0,0.0,0.0,ns
VectorSkipAheadIntersectionUnitRegistered_vectorLength3_numTags4_tagBitWidth3,0.0,0.0,0.0,0.0,0.0,0.0,0.0,0.0,0.0,0.0,0.0,0.0,3.2207,0.0,0.0,3.2207,0.2092,0.036636,12590.0,0.2585,0.0,0.0,0.0,0.0,0.1916,0.1681,8432.1,0.3681,1mW,1nW,2315.995459,1826.984859,691.278886,114.98,576.3,0.0,0.0,um2,0.9,26.0,0.0,1.0,0.0,0.0,0.0,0.0,0.0,ns
VectorSkipAheadIntersectionUnitRegistered_vectorLength3_numTags4_tagBitWidth4,0.0,0.0,0.0,0.0,0.0,0.0,0.0,0.0,0.0,0.0,0.0,0.0,3.9661,0.0,0.0,3.9661,0.2319,0.040622,15504.0,0.2881,0.0,0.0,0.0,0.0,0.212,0.1882,10693.0,0.4109,1mW,1nW,2944.857451,2249.82415,836.761884,122.96,713.81,0.0,0.0,um2,0.9,26.0,0.0,1.0,0.0,0.0,0.0,0.0,0.0,ns
VectorSkipAheadIntersectionUnitRegistered_vectorLength3_numTags4_tagBitWidth5,0.0,0.0,0.0,0.0,0.0,0.0,0.0,0.0,0.0,0.0,0.0,0.0,5.063,0.0,0.0,5.063,0.2845,0.048525,19792.0,0.3529,0.0,0.0,0.0,0.0,0.2506,0.2179,12136.0,0.4806,1mW,1nW,3379.898544,2872.115936,941.885082,119.67,822.21,0.0,0.0,um2,0.9,27.0,0.0,1.0,0.0,0.0,0.0,0.0,0.0,ns
VectorSkipAheadIntersectionUnitRegistered_vectorLength4_numTags2_tagBitWidth3,0.0,0.0,0.0,0.0,0.0,0.0,0.0,0.0,0.0,0.0,0.0,0.0,1.8564,0.0,0.0,1.8564,0.1082,0.026815,7257.0,0.1423,0.0,0.0,0.0,0.0,0.097416,0.071423,6855.0,0.1757,1mW,1nW,1554.790868,1053.109177,537.817789,117.32,420.49,0.0,0.0,um2,0.9,26.0,0.0,1.0,0.0,0.0,0.0,0.0,0.0,ns
VectorSkipAheadIntersectionUnitRegistered_vectorLength4_numTags2_tagBitWidth4,0.0,0.0,0.0,0.0,0.0,0.0,0.0,0.0,0.0,0.0,0.0,0.0,2.3487,0.0,0.0,2.3487,0.1174,0.024996,9181.2,0.1516,0.0,0.0,0.0,0.0,0.1074,0.08771,7871.6,0.203,1mW,1nW,1959.79676,1332.34267,698.787686,140.79,558.0,0.0,0.0,um2,0.9,26.0,0.0,1.0,0.0,0.0,0.0,0.0,0.0,ns
VectorSkipAheadIntersectionUnitRegistered_vectorLength4_numTags2_tagBitWidth5,0.0,0.0,0.0,0.0,0.0,0.0,0.0,0.0,0.0,0.0,0.0,0.0,3.3472,0.0,0.0,3.3472,0.1517,0.029168,13085.0,0.1939,0.0,0.0,0.0,0.0,0.1352,0.1176,8447.1,0.2613,1mW,1nW,2357.763158,1898.787758,741.024686,77.43,663.59,0.0,0.0,um2,0.9,33.0,0.0,1.0,0.0,0.0,0.0,0.0,0.0,ns
VectorSkipAheadIntersectionUnitRegistered_vectorLength4_numTags4_tagBitWidth3,0.0,0.0,0.0,0.0,0.0,0.0,0.0,0.0,0.0,0.0,0.0,0.0,3.8676,0.0,0.0,3.8676,0.2317,0.04168,15119.0,0.2885,0.0,0.0,0.0,0.0,0.2371,0.2138,9691.4,0.4605,1mW,1nW,2949.550451,2193.977451,796.402085,77.43,718.97,0.0,0.0,um2,0.9,26.0,0.0,1.0,0.0,0.0,0.0,0.0,0.0,ns
VectorSkipAheadIntersectionUnitRegistered_vectorLength4_numTags4_tagBitWidth4,0.0,0.0,0.0,0.0,0.0,0.0,0.0,0.0,0.0,0.0,0.0,0.0,4.7255,0.0,0.0,4.7255,0.2567,0.045467,18472.0,0.3207,0.0,0.0,0.0,0.0,0.2536,0.2264,11947.0,0.4919,1mW,1nW,3661.478542,2680.641541,934.376283,84.47,849.9,0.0,0.0,um2,0.92,30.0,-0.02,1.0,-0.53,39.0,0.0,0.0,0.0,ns
VectorSkipAheadIntersectionUnitRegistered_vectorLength4_numTags4_tagBitWidth5,0.0,0.0,0.0,0.0,0.0,0.0,0.0,0.0,0.0,0.0,0.0,0.0,5.8084,0.0,0.0,5.8084,0.2977,0.049573,22706.0,0.3699,0.0,0.0,0.0,0.0,0.2637,0.237,12779.0,0.5135,1mW,1nW,3861.400346,3294.955227,1010.872182,101.84,909.03,0.0,0.0,um2,1.03,29.0,-0.13,1.0,-4.51,52.0,0.0,0.0,0.0,ns
VectorSkipAheadIntersectionUnitRegistered_vectorLength1_numTags1_tagBitWidth3,0.0,0.0,0.0,0.0,0.0,0.0,0.0,0.0,0.0,0.0,0.0,0.0,0.3164,0.0,0.0,0.3164,0.01087,0.001698,2474.0,0.015042,0.0,0.0,0.0,0.0,0.0063158,0.0058512,1202.9,0.01337,1mW,1nW,289.558094,359.014492,138.443496,75.09,63.36,0.0,0.0,um2,0.68,17.0,1.22,2.0,0.0,0.0,0.0,0.0,0.0,ns
VectorSkipAheadIntersectionUnitRegistered_vectorLength1_numTags1_tagBitWidth4,0.0,0.0,0.0,0.0,0.0,0.0,0.0,0.0,0.0,0.0,0.0,0.0,0.4079,0.0,0.0,0.4079,0.012208,0.0021337,3188.7,0.01753,0.0,0.0,0.0,0.0,0.0074157,0.0070405,1507.4,0.015964,1mW,1nW,358.075892,462.72979,163.785696,96.21,67.58,0.0,0.0,um2,0.63,15.0,1.28,2.0,0.0,0.0,0.0,0.0,0.0,ns
VectorSkipAheadIntersectionUnitRegistered_vectorLength1_numTags1_tagBitWidth5,0.0,0.0,0.0,0.0,0.0,0.0,0.0,0.0,0.0,0.0,0.0,0.0,0.4852,0.0,0.0,0.4852,0.015057,0.0031922,3793.4,0.022043,0.0,0.0,0.0,0.0,0.008714,0.0078243,1793.4,0.018332,1mW,1nW,435.041091,550.488888,198.044595,107.94,90.11,0.0,0.0,um2,0.54,13.0,1.36,2.0,0.0,0.0,0.0,0.0,0.0,ns
VectorSkipAheadIntersectionUnitRegistered_vectorLength1_numTags2_tagBitWidth3,0.0,0.0,0.0,0.0,0.0,0.0,0.0,0.0,0.0,0.0,0.0,0.0,0.5133,0.0,0.0,0.5133,0.022702,0.0032871,4013.4,0.030002,0.0,0.0,0.0,0.0,0.014528,0.013264,2157.9,0.029949,1mW,1nW,514.35279,582.401287,226.671894,133.75,92.92,0.0,0.0,um2,1.19,28.0,0.71,2.0,0.0,0.0,0.0,0.0,0.0,ns
VectorSkipAheadIntersectionUnitRegistered_vectorLength1_numTags2_tagBitWidth4,0.0,0.0,0.0,0.0,0.0,0.0,0.0,0.0,0.0,0.0,0.0,0.0,0.6469,0.0,0.0,0.6469,0.026995,0.0043426,5057.9,0.036395,0.0,0.0,0.0,0.0,0.016951,0.014891,2656.9,0.034499,1mW,1nW,627.454088,733.985184,276.417692,173.64,102.78,0.0,0.0,um2,1.38,32.0,0.52,2.0,0.0,0.0,0.0,0.0,0.0,ns
VectorSkipAheadIntersectionUnitRegistered_vectorLength1_numTags2_tagBitWidth5,0.0,0.0,0.0,0.0,0.0,0.0,0.0,0.0,0.0,0.0,0.0,0.0,0.7665,0.0,0.0,0.7665,0.030834,0.0058825,5992.5,0.042709,0.0,0.0,0.0,0.0,0.021497,0.018351,3267.8,0.043116,1mW,1nW,772.937085,869.612881,345.404791,208.84,136.57,0.0,0.0,um2,1.27,31.0,0.64,2.0,0.0,0.0,0.0,0.0,0.0,ns
VectorSkipAheadIntersectionUnitRegistered_vectorLength1_numTags4_tagBitWidth3,0.0,0.0,0.0,0.0,0.0,0.0,0.0,0.0,0.0,0.0,0.0,0.0,0.8509,0.0,0.0,0.8509,0.04847,0.007717,6652.3,0.062839,0.0,0.0,0.0,0.0,0.033598,0.027388,3845.7,0.064832,1mW,1nW,915.134981,965.350079,402.190089,241.69,160.5,0.0,0.0,um2,1.35,36.0,0.55,2.0,0.0,0.0,0.0,0.0,0.0,ns
VectorSkipAheadIntersectionUnitRegistered_vectorLength1_numTags4_tagBitWidth4,0.0,0.0,0.0,0.0,0.0,0.0,0.0,0.0,0.0,0.0,0.0,0.0,1.0689,0.0,0.0,1.0689,0.052799,0.0085094,8356.6,0.069665,0.0,0.0,0.0,0.0,0.040815,0.034887,4912.1,0.080615,1mW,1nW,1182.635976,1212.671173,525.615985,328.51,197.11,0.0,0.0,um2,1.7,44.0,0.2,2.0,0.0,0.0,0.0,0.0,0.0,ns
VectorSkipAheadIntersectionUnitRegistered_vectorLength1_numTags4_tagBitWidth5,0.0,0.0,0.0,0.0,0.0,0.0,0.0,0.0,0.0,0.0,0.0,0.0,1.2728,0.0,0.0,1.2728,0.060052,0.011025,9950.9,0.081027,0.0,0.0,0.0,0.0,0.05147,0.041763,6125.6,0.099358,1mW,1nW,1463.27737,1444.036068,653.734882,405.94,247.79,0.0,0.0,um2,1.76,50.0,0.14,2.0,0.0,0.0,0.0,0.0,0.0,ns
VectorSkipAheadIntersectionUnitRegistered_vectorLength2_numTags1_tagBitWidth3,0.0,0.0,0.0,0.0,0.0,0.0,0.0,0.0,0.0,0.0,0.0,0.0,0.3164,0.0,0.0,0.3164,0.011974,0.0017601,2474.0,0.016208,0.0,0.0,0.0,0.0,0.0078853,0.00663,1342.0,0.015857,1mW,1nW,322.409093,359.014492,144.544396,72.74,71.8,0.0,0.0,um2,0.7,16.0,1.2,2.0,0.0,0.0,0.0,0.0,0.0,ns
VectorSkipAheadIntersectionUnitRegistered_vectorLength2_numTags1_tagBitWidth4,0.0,0.0,0.0,0.0,0.0,0.0,0.0,0.0,0.0,0.0,0.0,0.0,0.4079,0.0,0.0,0.4079,0.012076,0.0020676,3188.7,0.017332,0.0,0.0,0.0,0.0,0.0093635,0.0091684,1728.7,0.020261,1mW,1nW,421.900691,462.72979,199.921795,105.59,94.33,0.0,0.0,um2,0.89,23.0,1.01,2.0,0.0,0.0,0.0,0.0,0.0,ns
VectorSkipAheadIntersectionUnitRegistered_vectorLength2_numTags1_tagBitWidth5,0.0,0.0,0.0,0.0,0.0,0.0,0.0,0.0,0.0,0.0,0.0,0.0,0.4993,0.0,0.0,0.4993,0.013379,0.0025269,3903.4,0.01981,0.0,0.0,0.0,0.0,0.0090865,0.0090547,1906.0,0.020047,1mW,1nW,462.26049,566.445087,211.184994,112.63,98.55,0.0,0.0,um2,0.85,22.0,1.05,2.0,0.0,0.0,0.0,0.0,0.0,ns
VectorSkipAheadIntersectionUnitRegistered_vectorLength2_numTags2_tagBitWidth3,0.0,0.0,0.0,0.0,0.0,0.0,0.0,0.0,0.0,0.0,0.0,0.0,0.6751,0.0,0.0,0.6751,0.029366,0.0065588,5277.8,0.041203,0.0,0.0,0.0,0.0,0.023797,0.019513,3550.9,0.046861,1mW,1nW,839.577683,765.897583,358.545191,185.37,173.17,0.0,0.0,um2,1.9,60.0,0.0,2.0,0.0,0.0,0.0,0.0,0.0,ns
VectorSkipAheadIntersectionUnitRegistered_vectorLength2_numTags2_tagBitWidth4,0.0,0.0,0.0,0.0,0.0,0.0,0.0,0.0,0.0,0.0,0.0,0.0,0.8368,0.0,0.0,0.8368,0.034135,0.0066936,6542.3,0.047371,0.0,0.0,0.0,0.0,0.032607,0.025328,4842.4,0.062777,1mW,1nW,1082.675078,949.393879,442.080588,241.69,200.39,0.0,0.0,um2,1.9,61.0,0.0,2.0,0.0,0.0,0.0,0.0,0.0,ns
VectorSkipAheadIntersectionUnitRegistered_vectorLength2_numTags2_tagBitWidth5,0.0,0.0,0.0,0.0,0.0,0.0,0.0,0.0,0.0,0.0,0.0,0.0,0.9774,0.0,0.0,0.9774,0.038372,0.0076514,7641.9,0.053665,0.0,0.0,0.0,0.0,0.038501,0.029403,5247.7,0.073152,1mW,1nW,1178.881582,1108.955875,352.444292,89.17,263.28,0.0,0.0,um2,1.9,53.0,0.0,2.0,0.0,0.0,0.0,0.0,0.0,ns
VectorSkipAheadIntersectionUnitRegistered_vectorLength2_numTags4_tagBitWidth3,0.0,0.0,0.0,0.0,0.0,0.0,0.0,0.0,0.0,0.0,0.0,0.0,0.9985,0.0,0.0,0.9985,0.057006,0.0088249,7806.8,0.073637,0.0,0.0,0.0,0.0,0.058535,0.047515,6143.9,0.1122,1mW,1nW,1423.856177,1132.890175,455.22099,114.98,340.24,0.0,0.0,um2,1.9,56.0,0.0,2.0,0.0,0.0,0.0,0.0,0.0,ns
VectorSkipAheadIntersectionUnitRegistered_vectorLength2_numTags4_tagBitWidth4,0.0,0.0,0.0,0.0,0.0,0.0,0.0,0.0,0.0,0.0,0.0,0.0,1.2728,0.0,0.0,1.2728,0.066731,0.011224,9950.9,0.087906,0.0,0.0,0.0,0.0,0.064386,0.049607,8032.0,0.122,1mW,1nW,1765.975872,1444.036068,565.975788,164.25,401.72,0.0,0.0,um2,1.9,64.0,0.0,2.0,0.0,0.0,0.0,0.0,0.0,ns
VectorSkipAheadIntersectionUnitRegistered_vectorLength2_numTags4_tagBitWidth5,0.0,0.0,0.0,0.0,0.0,0.0,0.0,0.0,0.0,0.0,0.0,0.0,1.4908,0.0,0.0,1.4908,0.072901,0.012937,11655.0,0.097493,0.0,0.0,0.0,0.0,0.073132,0.05924,8833.4,0.1412,1mW,1nW,2100.117467,1691.357162,691.748185,183.03,508.72,0.0,0.0,um2,1.9,57.0,0.0,2.0,0.0,0.0,0.0,0.0,0.0,ns
VectorSkipAheadIntersectionUnitRegistered_vectorLength3_numTags2_tagBitWidth3,0.0,0.0,0.0,0.0,0.0,0.0,0.0,0.0,0.0,0.0,0.0,0.0,0.7313,0.0,0.0,0.7313,0.042543,0.012062,5717.6,0.060323,0.0,0.0,0.0,0.0,0.034538,0.024628,4564.4,0.06373,1mW,1nW,1024.951183,829.722382,341.650392,113.1,228.55,0.0,0.0,um2,1.9,54.0,0.0,2.0,0.0,0.0,0.0,0.0,0.0,ns
VectorSkipAheadIntersectionUnitRegistered_vectorLength3_numTags2_tagBitWidth4,0.0,0.0,0.0,0.0,0.0,0.0,0.0,0.0,0.0,0.0,0.0,0.0,0.9001,0.0,0.0,0.9001,0.041756,0.0084571,7037.1,0.05725,0.0,0.0,0.0,0.0,0.042515,0.031323,6421.8,0.08026,1mW,1nW,1424.794775,1021.196777,512.475588,171.29,341.18,0.0,0.0,um2,1.9,67.0,0.0,2.0,0.0,0.0,0.0,0.0,0.0,ns
VectorSkipAheadIntersectionUnitRegistered_vectorLength3_numTags2_tagBitWidth5,0.0,0.0,0.0,0.0,0.0,0.0,0.0,0.0,0.0,0.0,0.0,0.0,1.097,0.0,0.0,1.097,0.050145,0.0076107,8576.5,0.066332,0.0,0.0,0.0,0.0,0.064206,0.0492,8258.2,0.1217,1mW,1nW,1781.932067,1244.583572,604.458386,205.08,399.37,0.0,0.0,um2,1.9,57.0,0.0,2.0,0.0,0.0,0.0,0.0,0.0,ns
VectorSkipAheadIntersectionUnitRegistered_vectorLength3_numTags4_tagBitWidth3,0.0,0.0,0.0,0.0,0.0,0.0,0.0,0.0,0.0,0.0,0.0,0.0,1.3361,0.0,0.0,1.3361,0.078131,0.015682,10446.0,0.1043,0.0,0.0,0.0,0.0,0.08972,0.067957,10068.0,0.1677,1mW,1nW,2218.381059,1515.838966,798.748583,242.16,556.59,0.0,0.0,um2,1.9,65.0,0.0,2.0,0.0,0.0,0.0,0.0,0.0,ns
VectorSkipAheadIntersectionUnitRegistered_vectorLength3_numTags4_tagBitWidth4,0.0,0.0,0.0,0.0,0.0,0.0,0.0,0.0,0.0,0.0,0.0,0.0,1.6314,0.0,0.0,1.6314,0.087219,0.01774,12755.0,0.1177,0.0,0.0,0.0,0.0,0.1037,0.080343,12256.0,0.1963,1mW,1nW,2660.93095,1850.919159,917.950779,321.47,596.48,0.0,0.0,um2,1.9,64.0,0.0,2.0,0.0,0.0,0.0,0.0,0.0,ns
VectorSkipAheadIntersectionUnitRegistered_vectorLength3_numTags4_tagBitWidth5,0.0,0.0,0.0,0.0,0.0,0.0,0.0,0.0,0.0,0.0,0.0,0.0,2.0393,0.0,0.0,2.0393,0.1033,0.02086,15943.0,0.1401,0.0,0.0,0.0,0.0,0.1109,0.086148,13600.0,0.2107,1mW,1nW,3080.015846,2313.648949,1007.117778,300.82,706.3,0.0,0.0,um2,1.9,56.0,0.0,2.0,0.0,0.0,0.0,0.0,0.0,ns
VectorSkipAheadIntersectionUnitRegistered_vectorLength4_numTags2_tagBitWidth3,0.0,0.0,0.0,0.0,0.0,0.0,0.0,0.0,0.0,0.0,0.0,0.0,0.7595,0.0,0.0,0.7595,0.035043,0.0079857,5937.6,0.048967,0.0,0.0,0.0,0.0,0.04156,0.031115,5942.3,0.078618,1mW,1nW,1310.285576,861.634781,442.54989,157.68,284.87,0.0,0.0,um2,1.9,52.0,0.0,2.0,0.0,0.0,0.0,0.0,0.0,ns
VectorSkipAheadIntersectionUnitRegistered_vectorLength4_numTags2_tagBitWidth4,0.0,0.0,0.0,0.0,0.0,0.0,0.0,0.0,0.0,0.0,0.0,0.0,0.9845,0.0,0.0,0.9845,0.043947,0.010356,7696.8,0.062,0.0,0.0,0.0,0.0,0.046616,0.034713,7175.0,0.088504,1mW,1nW,1606.883169,1116.933975,549.080987,202.74,346.34,0.0,0.0,um2,1.9,55.0,0.0,2.0,0.0,0.0,0.0,0.0,0.0,ns
VectorSkipAheadIntersectionUnitRegistered_vectorLength4_numTags2_tagBitWidth5,0.0,0.0,0.0,0.0,0.0,0.0,0.0,0.0,0.0,0.0,0.0,0.0,1.2658,0.0,0.0,1.2658,0.061518,0.014664,9895.9,0.086079,0.0,0.0,0.0,0.0,0.065443,0.047025,8908.3,0.1214,1mW,1nW,2010.01186,1436.057968,672.976184,248.73,424.25,0.0,0.0,um2,1.9,53.0,0.0,2.0,0.0,0.0,0.0,0.0,0.0,ns
VectorSkipAheadIntersectionUnitRegistered_vectorLength4_numTags4_tagBitWidth3,0.0,0.0,0.0,0.0,0.0,0.0,0.0,0.0,0.0,0.0,0.0,0.0,1.5259,0.0,0.0,1.5259,0.077188,0.013752,11930.0,0.1029,0.0,0.0,0.0,0.0,0.1124,0.095038,12983.0,0.2204,1mW,1nW,2986.625139,1731.247662,999.139679,241.69,757.45,0.0,0.0,um2,1.9,59.0,0.0,2.0,0.0,0.0,0.0,0.0,0.0,ns
VectorSkipAheadIntersectionUnitRegistered_vectorLength4_numTags4_tagBitWidth4,0.0,0.0,0.0,0.0,0.0,0.0,0.0,0.0,0.0,0.0,0.0,0.0,1.9549,0.0,0.0,1.9549,0.094405,0.020133,15284.0,0.1298,0.0,0.0,0.0,0.0,0.1172,0.097339,15371.0,0.2299,1mW,1nW,3657.254826,2217.911751,1131.012977,239.81,891.2,0.0,0.0,um2,1.9,55.0,0.0,2.0,0.0,0.0,0.0,0.0,0.0,ns
VectorSkipAheadIntersectionUnitRegistered_vectorLength4_numTags4_tagBitWidth5,0.0,0.0,0.0,0.0,0.0,0.0,0.0,0.0,0.0,0.0,0.0,0.0,2.3628,0.0,0.0,2.3628,0.1099,0.024632,18472.0,0.153,0.0,0.0,0.0,0.0,0.1354,0.1089,16469.0,0.2608,1mW,1nW,4077.278325,2680.641541,1332.811973,288.62,1044.19,0.0,0.0,um2,1.91,56.0,0.0,2.0,0.0,0.0,0.0,0.0,0.0,ns
VectorSkipAheadIntersectionUnitRegistered_vectorLength1_numTags1_tagBitWidth3,0.0,0.0,0.0,0.0,0.0,0.0,0.0,0.0,0.0,0.0,0.0,0.0,0.1266,0.0,0.0,0.1266,0.004348,0.00067918,2474.0,0.0075011,0.0,0.0,0.0,0.0,0.0025263,0.0023405,1202.9,0.0060697,1mW,1nW,289.558094,359.014492,138.443496,75.09,63.36,0.0,0.0,um2,0.68,17.0,4.22,5.0,0.0,0.0,0.0,0.0,0.0,ns
VectorSkipAheadIntersectionUnitRegistered_vectorLength1_numTags1_tagBitWidth4,0.0,0.0,0.0,0.0,0.0,0.0,0.0,0.0,0.0,0.0,0.0,0.0,0.1631,0.0,0.0,0.1631,0.0048831,0.00085349,3188.7,0.0089253,0.0,0.0,0.0,0.0,0.0029663,0.0028162,1507.4,0.0072899,1mW,1nW,358.075892,462.72979,163.785696,96.21,67.58,0.0,0.0,um2,0.63,15.0,4.28,5.0,0.0,0.0,0.0,0.0,0.0,ns
VectorSkipAheadIntersectionUnitRegistered_vectorLength1_numTags1_tagBitWidth5,0.0,0.0,0.0,0.0,0.0,0.0,0.0,0.0,0.0,0.0,0.0,0.0,0.1941,0.0,0.0,0.1941,0.0060083,0.0012753,3793.4,0.011077,0.0,0.0,0.0,0.0,0.0034838,0.0031285,1793.4,0.0084057,1mW,1nW,435.041091,550.488888,198.044595,107.94,90.11,0.0,0.0,um2,0.54,13.0,4.36,5.0,0.0,0.0,0.0,0.0,0.0,ns
VectorSkipAheadIntersectionUnitRegistered_vectorLength1_numTags2_tagBitWidth3,0.0,0.0,0.0,0.0,0.0,0.0,0.0,0.0,0.0,0.0,0.0,0.0,0.2053,0.0,0.0,0.2053,0.0090807,0.0013148,4013.4,0.014409,0.0,0.0,0.0,0.0,0.0058111,0.0053054,2157.9,0.013274,1mW,1nW,514.35279,582.401287,226.671894,133.75,92.92,0.0,0.0,um2,1.19,28.0,3.71,5.0,0.0,0.0,0.0,0.0,0.0,ns
VectorSkipAheadIntersectionUnitRegistered_vectorLength1_numTags2_tagBitWidth4,0.0,0.0,0.0,0.0,0.0,0.0,0.0,0.0,0.0,0.0,0.0,0.0,0.2588,0.0,0.0,0.2588,0.010803,0.0017372,5057.9,0.017598,0.0,0.0,0.0,0.0,0.0067789,0.0059542,2656.9,0.01539,1mW,1nW,627.454088,733.985184,276.417692,173.64,102.78,0.0,0.0,um2,1.38,32.0,3.52,5.0,0.0,0.0,0.0,0.0,0.0,ns
VectorSkipAheadIntersectionUnitRegistered_vectorLength1_numTags2_tagBitWidth5,0.0,0.0,0.0,0.0,0.0,0.0,0.0,0.0,0.0,0.0,0.0,0.0,0.3066,0.0,0.0,0.3066,0.012344,0.0023536,5992.5,0.02069,0.0,0.0,0.0,0.0,0.0086046,0.0073411,3267.8,0.019213,1mW,1nW,772.937085,869.612881,345.404791,208.84,136.57,0.0,0.0,um2,1.27,31.0,3.64,5.0,0.0,0.0,0.0,0.0,0.0,ns
VectorSkipAheadIntersectionUnitRegistered_vectorLength1_numTags4_tagBitWidth3,0.0,0.0,0.0,0.0,0.0,0.0,0.0,0.0,0.0,0.0,0.0,0.0,0.3403,0.0,0.0,0.3403,0.019342,0.0030841,6652.3,0.029079,0.0,0.0,0.0,0.0,0.013438,0.010953,3845.7,0.028236,1mW,1nW,915.134981,965.350079,402.190089,241.69,160.5,0.0,0.0,um2,1.35,36.0,3.55,5.0,0.0,0.0,0.0,0.0,0.0,ns
VectorSkipAheadIntersectionUnitRegistered_vectorLength1_numTags4_tagBitWidth4,0.0,0.0,0.0,0.0,0.0,0.0,0.0,0.0,0.0,0.0,0.0,0.0,0.4275,0.0,0.0,0.4275,0.021129,0.0034042,8356.6,0.03289,0.0,0.0,0.0,0.0,0.016331,0.013963,4912.1,0.035207,1mW,1nW,1182.635976,1212.671173,525.615985,328.51,197.11,0.0,0.0,um2,1.7,44.0,3.2,5.0,0.0,0.0,0.0,0.0,0.0,ns
VectorSkipAheadIntersectionUnitRegistered_vectorLength1_numTags4_tagBitWidth5,0.0,0.0,0.0,0.0,0.0,0.0,0.0,0.0,0.0,0.0,0.0,0.0,0.5091,0.0,0.0,0.5091,0.02399,0.0044044,9950.9,0.038346,0.0,0.0,0.0,0.0,0.020272,0.016661,6106.1,0.043038,1mW,1nW,1458.11507,1444.036068,653.265582,408.29,244.97,0.0,0.0,um2,1.72,49.0,3.19,5.0,0.0,0.0,0.0,0.0,0.0,ns
VectorSkipAheadIntersectionUnitRegistered_vectorLength2_numTags1_tagBitWidth3,0.0,0.0,0.0,0.0,0.0,0.0,0.0,0.0,0.0,0.0,0.0,0.0,0.1266,0.0,0.0,0.1266,0.0047896,0.00070406,2474.0,0.0079676,0.0,0.0,0.0,0.0,0.0031541,0.002652,1342.0,0.0071481,1mW,1nW,322.409093,359.014492,144.544396,72.74,71.8,0.0,0.0,um2,0.7,16.0,4.2,5.0,0.0,0.0,0.0,0.0,0.0,ns
VectorSkipAheadIntersectionUnitRegistered_vectorLength2_numTags1_tagBitWidth4,0.0,0.0,0.0,0.0,0.0,0.0,0.0,0.0,0.0,0.0,0.0,0.0,0.1631,0.0,0.0,0.1631,0.0048303,0.00082706,3188.7,0.0088461,0.0,0.0,0.0,0.0,0.0037454,0.0036673,1728.7,0.0091415,1mW,1nW,421.900691,462.72979,199.921795,105.59,94.33,0.0,0.0,um2,0.89,23.0,4.01,5.0,0.0,0.0,0.0,0.0,0.0,ns
VectorSkipAheadIntersectionUnitRegistered_vectorLength2_numTags1_tagBitWidth5,0.0,0.0,0.0,0.0,0.0,0.0,0.0,0.0,0.0,0.0,0.0,0.0,0.1997,0.0,0.0,0.1997,0.0053519,0.0010108,3903.4,0.010266,0.0,0.0,0.0,0.0,0.0036346,0.0036219,1906.0,0.0091624,1mW,1nW,462.26049,566.445087,211.184994,112.63,98.55,0.0,0.0,um2,0.85,22.0,4.05,5.0,0.0,0.0,0.0,0.0,0.0,ns
VectorSkipAheadIntersectionUnitRegistered_vectorLength2_numTags2_tagBitWidth3,0.0,0.0,0.0,0.0,0.0,0.0,0.0,0.0,0.0,0.0,0.0,0.0,0.2588,0.0,0.0,0.2588,0.010259,0.001411,5057.9,0.016728,0.0,0.0,0.0,0.0,0.0088808,0.0082064,3175.4,0.020263,1mW,1nW,777.630084,733.985184,332.264391,197.11,135.16,0.0,0.0,um2,2.42,66.0,2.48,5.0,0.0,0.0,0.0,0.0,0.0,ns
VectorSkipAheadIntersectionUnitRegistered_vectorLength2_numTags2_tagBitWidth4,0.0,0.0,0.0,0.0,0.0,0.0,0.0,0.0,0.0,0.0,0.0,0.0,0.3263,0.0,0.0,0.3263,0.011833,0.0018117,6377.4,0.020022,0.0,0.0,0.0,0.0,0.011425,0.010192,4108.5,0.025725,1mW,1nW,979.42908,925.459579,410.637489,255.77,154.87,0.0,0.0,um2,2.62,74.0,2.28,5.0,0.0,0.0,0.0,0.0,0.0,ns
VectorSkipAheadIntersectionUnitRegistered_vectorLength2_numTags2_tagBitWidth5,0.0,0.0,0.0,0.0,0.0,0.0,0.0,0.0,0.0,0.0,0.0,0.0,0.3882,0.0,0.0,0.3882,0.016898,0.0032159,7586.9,0.027701,0.0,0.0,0.0,0.0,0.013404,0.011417,4866.0,0.029687,1mW,1nW,1178.881576,1100.977776,483.848287,305.04,178.8,0.0,0.0,um2,2.76,81.0,2.14,5.0,0.0,0.0,0.0,0.0,0.0,ns
VectorSkipAheadIntersectionUnitRegistered_vectorLength2_numTags4_tagBitWidth3,0.0,0.0,0.0,0.0,0.0,0.0,0.0,0.0,0.0,0.0,0.0,0.0,0.3938,0.0,0.0,0.3938,0.022654,0.0037639,7696.8,0.034115,0.0,0.0,0.0,0.0,0.021971,0.018231,5564.0,0.045766,1mW,1nW,1340.320772,1116.933975,543.918685,335.55,208.37,0.0,0.0,um2,2.64,74.0,2.26,5.0,0.0,0.0,0.0,0.0,0.0,ns
VectorSkipAheadIntersectionUnitRegistered_vectorLength2_numTags4_tagBitWidth4,0.0,0.0,0.0,0.0,0.0,0.0,0.0,0.0,0.0,0.0,0.0,0.0,0.4894,0.0,0.0,0.4894,0.025302,0.0044542,9566.1,0.039322,0.0,0.0,0.0,0.0,0.025047,0.020282,7230.8,0.05256,1mW,1nW,1749.081065,1388.189369,749.002779,457.57,291.44,0.0,0.0,um2,2.99,92.0,1.92,5.0,0.0,0.0,0.0,0.0,0.0,ns
VectorSkipAheadIntersectionUnitRegistered_vectorLength2_numTags4_tagBitWidth5,0.0,0.0,0.0,0.0,0.0,0.0,0.0,0.0,0.0,0.0,0.0,0.0,0.5907,0.0,0.0,0.5907,0.02837,0.0053178,11545.0,0.045233,0.0,0.0,0.0,0.0,0.029283,0.024006,8696.8,0.061986,1mW,1nW,2086.507758,1675.400963,895.893675,574.89,321.0,0.0,0.0,um2,3.35,95.0,1.56,5.0,0.0,0.0,0.0,0.0,0.0,ns
VectorSkipAheadIntersectionUnitRegistered_vectorLength3_numTags2_tagBitWidth3,0.0,0.0,0.0,0.0,0.0,0.0,0.0,0.0,0.0,0.0,0.0,0.0,0.2785,0.0,0.0,0.2785,0.012667,0.0031313,5442.8,0.021241,0.0,0.0,0.0,0.0,0.010719,0.0088352,3947.9,0.023502,1mW,1nW,962.064981,789.831882,383.41809,225.26,158.15,0.0,0.0,um2,3.06,84.0,1.84,5.0,0.0,0.0,0.0,0.0,0.0,ns
VectorSkipAheadIntersectionUnitRegistered_vectorLength3_numTags2_tagBitWidth4,0.0,0.0,0.0,0.0,0.0,0.0,0.0,0.0,0.0,0.0,0.0,0.0,0.346,0.0,0.0,0.346,0.013874,0.0018926,6762.2,0.022529,0.0,0.0,0.0,0.0,0.013546,0.012142,5013.2,0.030701,1mW,1nW,1189.206177,981.306278,471.177187,305.04,166.13,0.0,0.0,um2,3.47,90.0,1.44,5.0,0.0,0.0,0.0,0.0,0.0,ns
VectorSkipAheadIntersectionUnitRegistered_vectorLength3_numTags2_tagBitWidth5,0.0,0.0,0.0,0.0,0.0,0.0,0.0,0.0,0.0,0.0,0.0,0.0,0.4135,0.0,0.0,0.4135,0.015051,0.0022935,8081.7,0.025426,0.0,0.0,0.0,0.0,0.017088,0.015409,6183.1,0.03868,1mW,1nW,1494.251169,1172.780674,584.747784,356.67,228.08,0.0,0.0,um2,4.24,118.0,0.67,5.0,0.0,0.0,0.0,0.0,0.0,ns
VectorSkipAheadIntersectionUnitRegistered_vectorLength3_numTags4_tagBitWidth3,0.0,0.0,0.0,0.0,0.0,0.0,0.0,0.0,0.0,0.0,0.0,0.0,0.4472,0.0,0.0,0.4472,0.022685,0.0029384,8741.4,0.034365,0.0,0.0,0.0,0.0,0.0283,0.024907,7315.6,0.060523,1mW,1nW,1782.401363,1268.517872,685.647281,401.25,284.4,0.0,0.0,um2,4.21,118.0,0.69,5.0,0.0,0.0,0.0,0.0,0.0,ns
VectorSkipAheadIntersectionUnitRegistered_vectorLength3_numTags4_tagBitWidth4,0.0,0.0,0.0,0.0,0.0,0.0,0.0,0.0,0.0,0.0,0.0,0.0,0.5569,0.0,0.0,0.5569,0.02895,0.005172,10886.0,0.045008,0.0,0.0,0.0,0.0,0.032948,0.027476,9471.7,0.069896,1mW,1nW,2297.692752,1579.663765,935.784174,567.85,367.93,0.0,0.0,um2,4.41,126.0,0.5,5.0,0.0,0.0,0.0,0.0,0.0,ns
VectorSkipAheadIntersectionUnitRegistered_vectorLength3_numTags4_tagBitWidth5,0.0,0.0,0.0,0.0,0.0,0.0,0.0,0.0,0.0,0.0,0.0,0.0,0.6751,0.0,0.0,0.6751,0.029428,0.0051594,13195.0,0.047782,0.0,0.0,0.0,0.0,0.036829,0.031575,11552.0,0.079956,1mW,1nW,2767.931342,1914.743958,1127.258569,692.22,435.04,0.0,0.0,um2,4.8,143.0,0.11,5.0,0.0,0.0,0.0,0.0,0.0,ns
VectorSkipAheadIntersectionUnitRegistered_vectorLength4_numTags2_tagBitWidth3,0.0,0.0,0.0,0.0,0.0,0.0,0.0,0.0,0.0,0.0,0.0,0.0,0.2728,0.0,0.0,0.2728,0.011027,0.0014515,5332.8,0.017811,0.0,0.0,0.0,0.0,0.013605,0.012532,4547.3,0.030684,1mW,1nW,1081.736479,773.875683,388.580389,225.26,163.32,0.0,0.0,um2,4.01,102.0,0.89,5.0,0.0,0.0,0.0,0.0,0.0,ns
VectorSkipAheadIntersectionUnitRegistered_vectorLength4_numTags2_tagBitWidth4,0.0,0.0,0.0,0.0,0.0,0.0,0.0,0.0,0.0,0.0,0.0,0.0,0.3403,0.0,0.0,0.3403,0.012808,0.0018437,6652.3,0.021304,0.0,0.0,0.0,0.0,0.015481,0.01405,5972.3,0.035503,1mW,1nW,1406.022771,965.350079,566.914384,354.32,212.59,0.0,0.0,um2,4.52,120.0,0.38,5.0,0.0,0.0,0.0,0.0,0.0,ns
VectorSkipAheadIntersectionUnitRegistered_vectorLength4_numTags2_tagBitWidth5,0.0,0.0,0.0,0.0,0.0,0.0,0.0,0.0,0.0,0.0,0.0,0.0,0.4079,0.0,0.0,0.4079,0.013996,0.0022339,7971.7,0.024202,0.0,0.0,0.0,0.0,0.020041,0.018406,8076.1,0.046523,1mW,1nW,1839.655963,1156.824474,738.67818,434.1,304.58,0.0,0.0,um2,4.9,149.0,0.0,5.0,0.0,0.0,0.0,0.0,0.0,ns
VectorSkipAheadIntersectionUnitRegistered_vectorLength4_numTags4_tagBitWidth3,0.0,0.0,0.0,0.0,0.0,0.0,0.0,0.0,0.0,0.0,0.0,0.0,0.4894,0.0,0.0,0.4894,0.023016,0.0030133,9566.1,0.035595,0.0,0.0,0.0,0.0,0.03702,0.032218,10084.0,0.079322,1mW,1nW,2388.736953,1388.189369,943.292975,525.62,417.68,0.0,0.0,um2,4.9,158.0,0.0,5.0,0.0,0.0,0.0,0.0,0.0,ns
VectorSkipAheadIntersectionUnitRegistered_vectorLength4_numTags4_tagBitWidth4,0.0,0.0,0.0,0.0,0.0,0.0,0.0,0.0,0.0,0.0,0.0,0.0,0.6188,0.0,0.0,0.6188,0.023724,0.0035328,12095.0,0.039352,0.0,0.0,0.0,0.0,0.037633,0.034068,11179.0,0.08288,1mW,1nW,2867.892248,1755.181961,1105.670774,483.38,622.29,0.0,0.0,um2,4.9,174.0,0.0,5.0,0.0,0.0,0.0,0.0,0.0,ns
VectorSkipAheadIntersectionUnitRegistered_vectorLength4_numTags4_tagBitWidth5,0.0,0.0,0.0,0.0,0.0,0.0,0.0,0.0,0.0,0.0,0.0,0.0,0.7482,0.0,0.0,0.7482,0.028386,0.0044464,14624.0,0.047457,0.0,0.0,0.0,0.0,0.042812,0.041471,10737.0,0.09502,1mW,1nW,3095.972044,2122.174553,972.389578,342.59,629.8,0.0,0.0,um2,4.9,145.0,0.0,5.0,0.0,0.0,0.0,0.0,0.0,ns
VectorSkipAheadIntersectionUnitRegistered_vectorLength1_numTags1_tagBitWidth3,0.0,0.0,0.0,0.0,0.0,0.0,0.0,0.0,0.0,0.0,0.0,0.0,0.063288,0.0,0.0,0.063288,0.002174,0.00033959,2474.0,0.0049876,0.0,0.0,0.0,0.0,0.0012632,0.0011702,1202.9,0.0036363,1mW,1nW,289.558094,359.014492,138.443496,75.09,63.36,0.0,0.0,um2,0.68,17.0,9.22,10.0,0.0,0.0,0.0,0.0,0.0,ns
VectorSkipAheadIntersectionUnitRegistered_vectorLength1_numTags1_tagBitWidth4,0.0,0.0,0.0,0.0,0.0,0.0,0.0,0.0,0.0,0.0,0.0,0.0,0.081571,0.0,0.0,0.081571,0.0024415,0.00042675,3188.7,0.006057,0.0,0.0,0.0,0.0,0.0014831,0.0014081,1507.4,0.0043987,1mW,1nW,358.075892,462.72979,163.785696,96.21,67.58,0.0,0.0,um2,0.63,15.0,9.28,10.0,0.0,0.0,0.0,0.0,0.0,ns
VectorSkipAheadIntersectionUnitRegistered_vectorLength1_numTags1_tagBitWidth5,0.0,0.0,0.0,0.0,0.0,0.0,0.0,0.0,0.0,0.0,0.0,0.0,0.097042,0.0,0.0,0.097042,0.0030041,0.00063767,3793.4,0.0074352,0.0,0.0,0.0,0.0,0.0017419,0.0015643,1793.4,0.0050995,1mW,1nW,435.041091,550.488888,198.044595,107.94,90.11,0.0,0.0,um2,0.54,13.0,9.36,10.0,0.0,0.0,0.0,0.0,0.0,ns
VectorSkipAheadIntersectionUnitRegistered_vectorLength1_numTags2_tagBitWidth3,0.0,0.0,0.0,0.0,0.0,0.0,0.0,0.0,0.0,0.0,0.0,0.0,0.1027,0.0,0.0,0.1027,0.0045404,0.00065741,4013.4,0.0092111,0.0,0.0,0.0,0.0,0.0029056,0.0026527,2157.9,0.0077162,1mW,1nW,514.35279,582.401287,226.671894,133.75,92.92,0.0,0.0,um2,1.19,28.0,8.71,10.0,0.0,0.0,0.0,0.0,0.0,ns
VectorSkipAheadIntersectionUnitRegistered_vectorLength1_numTags2_tagBitWidth4,0.0,0.0,0.0,0.0,0.0,0.0,0.0,0.0,0.0,0.0,0.0,0.0,0.1294,0.0,0.0,0.1294,0.0054013,0.00086862,5057.9,0.011328,0.0,0.0,0.0,0.0,0.0033894,0.0029771,2656.9,0.0090234,1mW,1nW,627.454088,733.985184,276.417692,173.64,102.78,0.0,0.0,um2,1.38,32.0,8.52,10.0,0.0,0.0,0.0,0.0,0.0,ns
VectorSkipAheadIntersectionUnitRegistered_vectorLength1_numTags2_tagBitWidth5,0.0,0.0,0.0,0.0,0.0,0.0,0.0,0.0,0.0,0.0,0.0,0.0,0.1533,0.0,0.0,0.1533,0.0061719,0.0011768,5992.5,0.013341,0.0,0.0,0.0,0.0,0.0043023,0.0036705,3267.8,0.011241,1mW,1nW,772.937085,869.612881,345.404791,208.84,136.57,0.0,0.0,um2,1.27,31.0,8.64,10.0,0.0,0.0,0.0,0.0,0.0,ns
VectorSkipAheadIntersectionUnitRegistered_vectorLength1_numTags4_tagBitWidth3,0.0,0.0,0.0,0.0,0.0,0.0,0.0,0.0,0.0,0.0,0.0,0.0,0.1702,0.0,0.0,0.1702,0.0096712,0.0015421,6652.3,0.017866,0.0,0.0,0.0,0.0,0.006719,0.0054764,3845.7,0.016041,1mW,1nW,915.134981,965.350079,402.190089,241.69,160.5,0.0,0.0,um2,1.35,36.0,8.55,10.0,0.0,0.0,0.0,0.0,0.0,ns
VectorSkipAheadIntersectionUnitRegistered_vectorLength1_numTags4_tagBitWidth4,0.0,0.0,0.0,0.0,0.0,0.0,0.0,0.0,0.0,0.0,0.0,0.0,0.2138,0.0,0.0,0.2138,0.010565,0.0017021,8356.6,0.020623,0.0,0.0,0.0,0.0,0.0081657,0.0069816,4912.1,0.020059,1mW,1nW,1182.635976,1212.671173,525.615985,328.51,197.11,0.0,0.0,um2,1.7,44.0,8.2,10.0,0.0,0.0,0.0,0.0,0.0,ns
VectorSkipAheadIntersectionUnitRegistered_vectorLength1_numTags4_tagBitWidth5,0.0,0.0,0.0,0.0,0.0,0.0,0.0,0.0,0.0,0.0,0.0,0.0,0.2546,0.0,0.0,0.2546,0.011995,0.0022022,9950.9,0.024148,0.0,0.0,0.0,0.0,0.010136,0.0083303,6106.1,0.024572,1mW,1nW,1458.11507,1444.036068,653.265582,408.29,244.97,0.0,0.0,um2,1.72,49.0,8.19,10.0,0.0,0.0,0.0,0.0,0.0,ns
VectorSkipAheadIntersectionUnitRegistered_vectorLength2_numTags1_tagBitWidth3,0.0,0.0,0.0,0.0,0.0,0.0,0.0,0.0,0.0,0.0,0.0,0.0,0.063288,0.0,0.0,0.063288,0.0023948,0.00035203,2474.0,0.0052208,0.0,0.0,0.0,0.0,0.0015771,0.001326,1342.0,0.0042451,1mW,1nW,322.409093,359.014492,144.544396,72.74,71.8,0.0,0.0,um2,0.7,16.0,9.2,10.0,0.0,0.0,0.0,0.0,0.0,ns
VectorSkipAheadIntersectionUnitRegistered_vectorLength2_numTags1_tagBitWidth4,0.0,0.0,0.0,0.0,0.0,0.0,0.0,0.0,0.0,0.0,0.0,0.0,0.081571,0.0,0.0,0.081571,0.0024152,0.00041353,3188.7,0.0060174,0.0,0.0,0.0,0.0,0.0018727,0.0018337,1728.7,0.0054351,1mW,1nW,421.900691,462.72979,199.921795,105.59,94.33,0.0,0.0,um2,0.89,23.0,9.01,10.0,0.0,0.0,0.0,0.0,0.0,ns
VectorSkipAheadIntersectionUnitRegistered_vectorLength2_numTags1_tagBitWidth5,0.0,0.0,0.0,0.0,0.0,0.0,0.0,0.0,0.0,0.0,0.0,0.0,0.099854,0.0,0.0,0.099854,0.0026628,0.00050492,3903.4,0.0070712,0.0,0.0,0.0,0.0,0.0018166,0.001808,1906.0,0.0055306,1mW,1nW,462.26049,566.445087,211.184994,112.63,98.55,0.0,0.0,um2,0.85,22.0,9.05,10.0,0.0,0.0,0.0,0.0,0.0,ns
VectorSkipAheadIntersectionUnitRegistered_vectorLength2_numTags2_tagBitWidth3,0.0,0.0,0.0,0.0,0.0,0.0,0.0,0.0,0.0,0.0,0.0,0.0,0.1294,0.0,0.0,0.1294,0.0051297,0.00070551,5057.9,0.010893,0.0,0.0,0.0,0.0,0.0044404,0.0041032,3175.4,0.011719,1mW,1nW,777.630084,733.985184,332.264391,197.11,135.16,0.0,0.0,um2,2.42,66.0,7.48,10.0,0.0,0.0,0.0,0.0,0.0,ns
VectorSkipAheadIntersectionUnitRegistered_vectorLength2_numTags2_tagBitWidth4,0.0,0.0,0.0,0.0,0.0,0.0,0.0,0.0,0.0,0.0,0.0,0.0,0.1631,0.0,0.0,0.1631,0.0059163,0.00090585,6377.4,0.013199,0.0,0.0,0.0,0.0,0.0057126,0.0050958,4108.5,0.014917,1mW,1nW,979.42908,925.459579,410.637489,255.77,154.87,0.0,0.0,um2,2.62,74.0,7.28,10.0,0.0,0.0,0.0,0.0,0.0,ns
VectorSkipAheadIntersectionUnitRegistered_vectorLength2_numTags2_tagBitWidth5,0.0,0.0,0.0,0.0,0.0,0.0,0.0,0.0,0.0,0.0,0.0,0.0,0.1941,0.0,0.0,0.1941,0.00845,0.0016081,7586.9,0.017645,0.0,0.0,0.0,0.0,0.0067023,0.0057087,4866.0,0.017277,1mW,1nW,1178.881576,1100.977776,483.848287,305.04,178.8,0.0,0.0,um2,2.76,81.0,7.14,10.0,0.0,0.0,0.0,0.0,0.0,ns
VectorSkipAheadIntersectionUnitRegistered_vectorLength2_numTags4_tagBitWidth3,0.0,0.0,0.0,0.0,0.0,0.0,0.0,0.0,0.0,0.0,0.0,0.0,0.1969,0.0,0.0,0.1969,0.01133,0.0018786,7696.8,0.020906,0.0,0.0,0.0,0.0,0.010981,0.009109,5564.0,0.025654,1mW,1nW,1340.320772,1116.933975,543.918685,335.55,208.37,0.0,0.0,um2,2.64,74.0,7.26,10.0,0.0,0.0,0.0,0.0,0.0,ns
VectorSkipAheadIntersectionUnitRegistered_vectorLength2_numTags4_tagBitWidth4,0.0,0.0,0.0,0.0,0.0,0.0,0.0,0.0,0.0,0.0,0.0,0.0,0.2447,0.0,0.0,0.2447,0.012658,0.002232,9566.1,0.024456,0.0,0.0,0.0,0.0,0.012522,0.01014,7230.8,0.029893,1mW,1nW,1749.081065,1388.189369,749.002779,457.57,291.44,0.0,0.0,um2,2.99,92.0,6.92,10.0,0.0,0.0,0.0,0.0,0.0,ns
VectorSkipAheadIntersectionUnitRegistered_vectorLength2_numTags4_tagBitWidth5,0.0,0.0,0.0,0.0,0.0,0.0,0.0,0.0,0.0,0.0,0.0,0.0,0.2953,0.0,0.0,0.2953,0.014194,0.0026567,11545.0,0.028397,0.0,0.0,0.0,0.0,0.014652,0.01201,8696.8,0.035359,1mW,1nW,2086.507758,1675.400963,895.893675,574.89,321.0,0.0,0.0,um2,3.35,95.0,6.56,10.0,0.0,0.0,0.0,0.0,0.0,ns
VectorSkipAheadIntersectionUnitRegistered_vectorLength3_numTags2_tagBitWidth3,0.0,0.0,0.0,0.0,0.0,0.0,0.0,0.0,0.0,0.0,0.0,0.0,0.1392,0.0,0.0,0.1392,0.0063333,0.0015656,5442.8,0.013342,0.0,0.0,0.0,0.0,0.0053359,0.0043823,3937.5,0.013656,1mW,1nW,953.617581,789.831882,374.97069,225.26,149.71,0.0,0.0,um2,3.04,80.0,6.86,10.0,0.0,0.0,0.0,0.0,0.0,ns
VectorSkipAheadIntersectionUnitRegistered_vectorLength3_numTags2_tagBitWidth4,0.0,0.0,0.0,0.0,0.0,0.0,0.0,0.0,0.0,0.0,0.0,0.0,0.173,0.0,0.0,0.173,0.0069369,0.00094632,6762.2,0.014645,0.0,0.0,0.0,0.0,0.0067728,0.0060711,5013.2,0.017857,1mW,1nW,1189.206177,981.306278,471.177187,305.04,166.13,0.0,0.0,um2,3.47,90.0,6.44,10.0,0.0,0.0,0.0,0.0,0.0,ns
VectorSkipAheadIntersectionUnitRegistered_vectorLength3_numTags2_tagBitWidth5,0.0,0.0,0.0,0.0,0.0,0.0,0.0,0.0,0.0,0.0,0.0,0.0,0.2067,0.0,0.0,0.2067,0.0075255,0.0011468,8081.7,0.016754,0.0,0.0,0.0,0.0,0.0085483,0.0077061,6183.1,0.022437,1mW,1nW,1494.251169,1172.780674,584.747784,356.67,228.08,0.0,0.0,um2,4.24,118.0,5.67,10.0,0.0,0.0,0.0,0.0,0.0,ns
VectorSkipAheadIntersectionUnitRegistered_vectorLength3_numTags4_tagBitWidth3,0.0,0.0,0.0,0.0,0.0,0.0,0.0,0.0,0.0,0.0,0.0,0.0,0.2236,0.0,0.0,0.2236,0.011343,0.0014695,8741.4,0.021554,0.0,0.0,0.0,0.0,0.014151,0.012452,7315.6,0.033918,1mW,1nW,1782.401363,1268.517872,685.647281,401.25,284.4,0.0,0.0,um2,4.21,118.0,5.69,10.0,0.0,0.0,0.0,0.0,0.0,ns
VectorSkipAheadIntersectionUnitRegistered_vectorLength3_numTags4_tagBitWidth4,0.0,0.0,0.0,0.0,0.0,0.0,0.0,0.0,0.0,0.0,0.0,0.0,0.2785,0.0,0.0,0.2785,0.01444,0.0025797,10886.0,0.027906,0.0,0.0,0.0,0.0,0.016482,0.013736,9459.6,0.039678,1mW,1nW,2298.162052,1579.663765,938.599974,567.85,370.75,0.0,0.0,um2,4.29,122.0,5.62,10.0,0.0,0.0,0.0,0.0,0.0,ns
VectorSkipAheadIntersectionUnitRegistered_vectorLength3_numTags4_tagBitWidth5,0.0,0.0,0.0,0.0,0.0,0.0,0.0,0.0,0.0,0.0,0.0,0.0,0.3375,0.0,0.0,0.3375,0.014859,0.0025882,13195.0,0.030642,0.0,0.0,0.0,0.0,0.018691,0.016056,11473.0,0.04622,1mW,1nW,2758.076043,1914.743958,1122.096269,689.87,432.23,0.0,0.0,um2,4.88,145.0,5.02,10.0,0.0,0.0,0.0,0.0,0.0,ns
VectorSkipAheadIntersectionUnitRegistered_vectorLength4_numTags2_tagBitWidth3,0.0,0.0,0.0,0.0,0.0,0.0,0.0,0.0,0.0,0.0,0.0,0.0,0.1364,0.0,0.0,0.1364,0.0055134,0.00072577,5332.8,0.011572,0.0,0.0,0.0,0.0,0.0068035,0.0062669,4547.3,0.017618,1mW,1nW,1081.736479,773.875683,388.580389,225.26,163.32,0.0,0.0,um2,4.01,102.0,5.89,10.0,0.0,0.0,0.0,0.0,0.0,ns
VectorSkipAheadIntersectionUnitRegistered_vectorLength4_numTags2_tagBitWidth4,0.0,0.0,0.0,0.0,0.0,0.0,0.0,0.0,0.0,0.0,0.0,0.0,0.1702,0.0,0.0,0.1702,0.0064017,0.00092166,6652.3,0.013976,0.0,0.0,0.0,0.0,0.0077464,0.0070333,5972.3,0.020752,1mW,1nW,1406.022771,965.350079,566.914384,354.32,212.59,0.0,0.0,um2,4.52,120.0,5.38,10.0,0.0,0.0,0.0,0.0,0.0,ns
VectorSkipAheadIntersectionUnitRegistered_vectorLength4_numTags2_tagBitWidth5,0.0,0.0,0.0,0.0,0.0,0.0,0.0,0.0,0.0,0.0,0.0,0.0,0.2039,0.0,0.0,0.2039,0.0069934,0.001108,7971.7,0.016073,0.0,0.0,0.0,0.0,0.009709,0.0090928,7658.1,0.02646,1mW,1nW,1791.787362,1156.824474,720.84478,443.49,277.36,0.0,0.0,um2,5.44,151.0,4.46,10.0,0.0,0.0,0.0,0.0,0.0,ns
VectorSkipAheadIntersectionUnitRegistered_vectorLength4_numTags4_tagBitWidth3,0.0,0.0,0.0,0.0,0.0,0.0,0.0,0.0,0.0,0.0,0.0,0.0,0.2447,0.0,0.0,0.2447,0.011361,0.0014794,9566.1,0.022406,0.0,0.0,0.0,0.0,0.018073,0.015944,9433.2,0.04345,1mW,1nW,2293.938352,1388.189369,875.713776,520.92,354.79,0.0,0.0,um2,5.54,158.0,4.36,10.0,0.0,0.0,0.0,0.0,0.0,ns
VectorSkipAheadIntersectionUnitRegistered_vectorLength4_numTags4_tagBitWidth4,0.0,0.0,0.0,0.0,0.0,0.0,0.0,0.0,0.0,0.0,0.0,0.0,0.3094,0.0,0.0,0.3094,0.011881,0.0017684,12095.0,0.025745,0.0,0.0,0.0,0.0,0.019859,0.017034,12967.0,0.049861,1mW,1nW,2985.686536,1755.181961,1265.702065,802.5,463.2,0.0,0.0,um2,6.2,182.0,3.7,10.0,0.0,0.0,0.0,0.0,0.0,ns
VectorSkipAheadIntersectionUnitRegistered_vectorLength4_numTags4_tagBitWidth5,0.0,0.0,0.0,0.0,0.0,0.0,0.0,0.0,0.0,0.0,0.0,0.0,0.3741,0.0,0.0,0.3741,0.013149,0.0021487,14624.0,0.029922,0.0,0.0,0.0,0.0,0.023119,0.020535,14735.0,0.058389,1mW,1nW,3585.451925,2122.174553,1500.82136,865.86,634.96,0.0,0.0,um2,6.7,200.0,3.21,10.0,0.0,0.0,0.0,0.0,0.0,ns
